Ley,Librería,Tiempo,Memoria,Tamaño
1,1,28.67193398,78,128
2,1,37.67445752,89.6,112
3,1,11.15839875,65.9,73
4,1,14.13138197,63.6,71
5,1,15.80249413,65,72
6,1,19.69257731,92.9,50
7,1,14.25780042,87.9,56
8,1,17.43216654,74.7,49
9,1,43.59123231,94.3,64
1,2,113.4356293,89,128
2,2,147.1395946,94.5,112
3,2,44.94758459,76.4,73
4,2,57.6075922,78.8,71
5,2,53.6704862,79,72
6,2,61.83368747,94.7,50
7,2,123.8178965,93.2,56
8,2,58.25793318,91.4,49
9,2,47.17653714,84,64
